camera_id,source_video,date,time,period,latitude,longitude,weather,weather_temp_c,vehicle_count,vehicle_count_1min,volume_veh_per_hour,avg_speed_kmh,density_percent,queue_length_veh,green_seconds,congestion_level,predicted_volume_15m,predicted_volume_2h,predicted_volume_4h,model_mape_15m,model_mape_2h,model_mape_4h,ai_insight,recommendation
CAM_002,pagi_cctv_001_20260518_070935.mp4,5/18/2026,6:09:33,Morning Rush,-6.2131428,106.6837664,Cloudy,25.6,23,72,4320,53.62,19.8,0,44.2,Low,4506.75,1585.76,4978.05,21.8059,27.035,32.492,Traffic is stable with low density (19.8%) and speed 53.6 km/h. Keep default green duration (44s). Peak-hour (Morning Rush) increases traffic demand.,Maintain normal operations with default green duration (44s).
CAM_001,pagi_cctv_002_20260518_070954.mp4,5/18/2026,6:15:26,Morning Rush,-6.1911513,106.7441887,Cloudy,26.8,67,71,4260,40.17,51.03,1,57.8,Medium,3870.67,1627.97,4986.5,21.8059,27.035,32.492,Traffic is dense but still maintaining partial flow stability. Green duration set to 58s. Peak-hour (Morning Rush) increases traffic demand.,Monitor closely; adjust green duration to 58s if needed.
CAM_001,pagi_cctv_003_20260614_080117.mp4,6/14/2026,8:01:17,Morning Rush,-6.1911513,106.744189,Cloudy,27.8,9,34,2040,46.51,7.59,0,42.0,Low,1750.73,1215.82,4722.32,21.8059,27.035,32.492,Traffic is stable with low density (7.6%) and speed 46.5 km/h. Keep default green duration (42s). Peak-hour (Morning Rush) increases traffic demand.,Maintain normal operations with default green duration (42s).
CAM_011,pagi_cctv_004_20260518_071356.mp4,5/18/2026,6:18:01,Morning Rush,-6.191635,106.730124,Cloudy,25.6,63,73,4380,35.38,51.35,1,58.8,Medium,3832.92,1632.3,5003.04,21.8059,27.035,32.492,Traffic is dense but still maintaining partial flow stability. Green duration set to 59s. Peak-hour (Morning Rush) increases traffic demand.,Monitor closely; adjust green duration to 59s if needed.
CAM_007,pagi_cctv_005_20260614_080139.mp4,6/14/2026,8:01:39,Morning Rush,-6.2024517,106.705216,Cloudy,27.8,54,85,5100,78.82,45.45,0,46.9,Medium,4123.86,1507.94,4727.08,21.8059,27.035,32.492,Moderate congestion with 54 vehicles and speed 78.8 km/h. Green duration set to 47s. Peak-hour (Morning Rush) increases traffic demand.,Monitor closely; adjust green duration to 47s if needed.
CAM_006,pagi_cctv_006_20260518_071450.mp4,5/18/2026,6:20:24,Morning Rush,-6.2265884,106.6163871,Cloudy,25.2,93,90,5400,20.53,56.51,28,90.0,Severe,3183.62,1678.69,4930.19,21.8059,27.035,32.492,Severe congestion detected with 28 queued vehicles. Speed dropped to 20.5 km/h indicating traffic breakdown. Green duration extended to 90s to help dissipate the queue. Peak-hour (Morning Rush) increases traffic demand.,Activate emergency traffic control and extend green phase to 90s. Clear queue buildup immediately.
CAM_009,pagi_cctv_007_20260614_080221.mp4,6/14/2026,8:02:21,Morning Rush,-6.226591,106.616335,Cloudy,28.1,66,83,4980,39.35,50.84,1,57.9,Medium,4035.83,1624.52,4751.33,21.8059,27.035,32.492,Traffic is dense but still maintaining partial flow stability. Green duration set to 58s. Peak-hour (Morning Rush) increases traffic demand.,Monitor closely; adjust green duration to 58s if needed.
CAM_011,pagi_cctv_008_20260614_083937.mp4,6/14/2026,8:39:37,Morning Rush,-6.223507,106.623837,Cloudy,28.9,239,80,4800,70.58,51.0,2,53.2,Medium,3503.32,1480.01,4737.87,21.8059,27.035,32.492,Moderate congestion with 239 vehicles and speed 70.6 km/h. Green duration set to 53s. Peak-hour (Morning Rush) increases traffic demand.,Monitor closely; adjust green duration to 53s if needed.
CAM_004,pagi_cctv_009_20260518_071625.mp4,5/18/2026,6:20:49,Morning Rush,-6.2024517,106.7052155,Cloudy,25.6,23,99,5940,52.23,20.01,0,44.6,Low,5143.07,1825.16,4752.02,21.8059,27.035,32.492,Traffic is stable with low density (20.0%) and speed 52.2 km/h. Keep default green duration (45s). Peak-hour (Morning Rush) increases traffic demand.,Maintain normal operations with default green duration (45s).
CAM_005,pagi_cctv_010_20260614_084252.mp4,6/14/2026,8:42:52,Morning Rush,-6.2225065,106.639475,Cloudy,28.9,0,0,0,80.0,0.0,0,33.0,Low,214.85,175.56,252.97,21.8059,27.035,32.492,Traffic is stable with low density (0.0%) and speed 80.0 km/h. Keep default green duration (33s). Peak-hour (Morning Rush) increases traffic demand.,Maintain normal operations with default green duration (33s).
CAM_005,pagi_cctv_011_20260614_090616.mp4,6/14/2026,9:06:16,Daytime,-6.2225065,106.639475,Cloudy,28.9,0,0,0,80.0,0.0,0,33.0,Low,214.85,175.56,252.97,21.8059,27.035,32.492,Traffic is stable with low density (0.0%) and speed 80.0 km/h. Keep default green duration (33s).,Maintain normal operations with default green duration (33s).
CAM_011,pagi_cctv_012_20260614_090310.mp4,6/14/2026,9:03:10,Daytime,-6.223507,106.623837,Cloudy,28.9,229,84,5040,74.37,51.05,3,53.9,Medium,3431.16,1475.47,4677.03,21.8059,27.035,32.492,Moderate congestion with 229 vehicles and speed 74.4 km/h. Green duration set to 54s.,Monitor closely; adjust green duration to 54s if needed.
CAM_012,pagi_cctv_013_20260614_081117.mp4,6/14/2026,8:11:17,Morning Rush,-6.234053,106.568393,Cloudy,28.4,268,92,5520,80.99,51.2,4,54.2,Medium,3651.49,1523.95,4474.6,21.8059,27.035,32.492,Moderate congestion with 268 vehicles and speed 81.0 km/h. Green duration set to 54s. Peak-hour (Morning Rush) increases traffic demand.,Monitor closely; adjust green duration to 54s if needed.
CAM_007,pagi_cctv_014_20260518_072255.mp4,5/18/2026,6:23:39,Morning Rush,-6.2194495,106.6572624,Cloudy,25.2,36,131,7860,28.49,31.96,2,55.9,Medium,5038.54,1800.54,4425.06,21.8059,27.035,32.492,Moderate congestion with 36 vehicles and speed 28.5 km/h. Green duration set to 56s. Peak-hour (Morning Rush) increases traffic demand.,Monitor closely; adjust green duration to 56s if needed. Consider pre-emptive signal adjustment.
CAM_008,pagi_cctv_015_20260518_072703.mp4,5/18/2026,6:39:21,Morning Rush,-6.223512,106.623845,Cloudy,25.2,73,32,1920,23.29,56.44,22,90.0,Severe,1456.7,1452.75,4424.59,21.8059,27.035,32.492,Severe congestion detected with 22 queued vehicles. Speed dropped to 23.3 km/h indicating traffic breakdown. Green duration extended to 90s to help dissipate the queue. Peak-hour (Morning Rush) increases traffic demand.,Activate emergency traffic control and extend green phase to 90s. Clear queue buildup immediately.
CAM_004,pagi_cctv_016_20260614_084327.mp4,6/14/2026,8:43:27,Morning Rush,-6.191635,106.730124,Cloudy,28.5,34,59,3540,80.88,28.52,0,41.4,Low,3190.85,1704.69,4768.38,21.8059,27.035,32.492,Traffic is stable with low density (28.5%) and speed 80.9 km/h. Keep default green duration (41s). Peak-hour (Morning Rush) increases traffic demand.,Maintain normal operations with default green duration (41s).
CAM_002,pagi_cctv_017_20260614_090631.mp4,6/14/2026,9:06:31,Daytime,-6.2131428,106.683766,Cloudy,28.5,72,68,4080,64.79,50.31,0,51.1,Medium,3395.65,1467.24,4897.16,21.8059,27.035,32.492,Moderate congestion with 72 vehicles and speed 64.8 km/h. Green duration set to 51s.,Monitor closely; adjust green duration to 51s if needed.
CAM_001,pagi_cctv_018_20260614_090735.mp4,6/14/2026,9:07:35,Daytime,-6.1911513,106.744189,Cloudy,28.4,11,25,1500,55.19,9.23,0,40.7,Low,422.7,1150.55,3982.82,21.8059,27.035,32.492,Traffic is stable with low density (9.2%) and speed 55.2 km/h. Keep default green duration (41s).,Maintain normal operations with default green duration (41s).
CAM_012,pagi_cctv_019_20260614_080343.mp4,6/14/2026,8:03:43,Morning Rush,-6.234053,106.568393,Cloudy,28.4,64,69,4140,86.07,51.01,1,48.6,Medium,3252.89,1310.0,4580.49,21.8059,27.035,32.492,Moderate congestion with 64 vehicles and speed 86.1 km/h. Green duration set to 49s. Peak-hour (Morning Rush) increases traffic demand.,Monitor closely; adjust green duration to 49s if needed.
CAM_003,pagi_cctv_020_20260614_084403.mp4,6/14/2026,8:44:03,Morning Rush,-6.191535,106.753361,Cloudy,28.4,16,75,4500,96.51,13.62,0,33.8,Low,3944.53,1955.03,4289.9,21.8059,27.035,32.492,Traffic is stable with low density (13.6%) and speed 96.5 km/h. Keep default green duration (34s). Peak-hour (Morning Rush) increases traffic demand.,Maintain normal operations with default green duration (34s).
CAM_009,pagi_cctv_021_20260614_090559.mp4,6/14/2026,9:05:59,Daytime,-6.226591,106.616335,Cloudy,28.9,33,137,8220,48.38,27.79,0,47.7,Low,5472.48,1811.94,4647.27,21.8059,27.035,32.492,Traffic is stable with low density (27.8%) and speed 48.4 km/h. Keep default green duration (48s).,Maintain normal operations with default green duration (48s).
CAM_004,pagi_cctv_022_20260614_090032.mp4,6/14/2026,9:00:32,Daytime,-6.191635,106.730124,Cloudy,28.5,179,71,4260,81.94,50.34,0,47.7,Medium,3423.46,1350.9,4656.8,21.8059,27.035,32.492,Moderate congestion with 179 vehicles and speed 81.9 km/h. Green duration set to 48s.,Monitor closely; adjust green duration to 48s if needed.
CAM_007,pagi_cctv_023_20260614_090010.mp4,6/14/2026,9:00:10,Daytime,-6.2024517,106.705216,Cloudy,28.5,11,36,2160,71.39,9.39,0,37.5,Low,1006.29,1936.73,4151.12,21.8059,27.035,32.492,Traffic is stable with low density (9.4%) and speed 71.4 km/h. Keep default green duration (38s).,Maintain normal operations with default green duration (38s).
CAM_012,pagi_cctv_024_20260614_083635.mp4,6/14/2026,8:36:35,Morning Rush,-6.234053,106.568393,Cloudy,29.3,235,78,4680,76.15,51.39,7,59.7,High,2841.9,1454.04,4632.91,21.8059,27.035,32.492,High traffic density with 7 queued vehicles and speed 76.2 km/h. Green duration adjusted to 60s. Peak-hour (Morning Rush) increases traffic demand.,Increase signal optimization; set green duration to 60s. Focus on bottleneck queue reduction.
CAM_010,pagi_cctv_025_20260614_085807.mp4,6/14/2026,8:58:07,Morning Rush,-6.219451,106.657065,Cloudy,28.9,252,126,7560,39.04,51.21,6,65.6,High,4592.45,1805.24,4628.4,21.8059,27.035,32.492,High traffic density with 6 queued vehicles and speed 39.0 km/h. Green duration adjusted to 66s. Peak-hour (Morning Rush) increases traffic demand.,Increase signal optimization; set green duration to 66s. Focus on bottleneck queue reduction.
CAM_002,pagi_cctv_026_20260614_083559.mp4,6/14/2026,8:35:59,Morning Rush,-6.2131428,106.683766,Cloudy,28.5,38,63,3780,64.57,32.08,0,45.7,Low,3525.39,1437.94,4966.55,21.8059,27.035,32.492,Traffic is stable with low density (32.1%) and speed 64.6 km/h. Keep default green duration (46s). Peak-hour (Morning Rush) increases traffic demand.,Maintain normal operations with default green duration (46s).
CAM_008,pagi_cctv_027_20260614_085504.mp4,6/14/2026,8:55:04,Morning Rush,-6.2142883,106.68203,Cloudy,28.5,501,167,10020,59.95,51.44,4,58.4,Medium,5320.77,1896.36,4448.5,21.8059,27.035,32.492,Moderate congestion with 501 vehicles and speed 60.0 km/h. Green duration set to 58s. Peak-hour (Morning Rush) increases traffic demand.,Monitor closely; adjust green duration to 58s if needed.
CAM_007,pagi_cctv_028_20260614_083354.mp4,6/14/2026,8:33:54,Morning Rush,-6.2024517,106.705216,Cloudy,28.5,164,81,4860,78.91,50.32,0,48.3,Medium,3790.35,1447.11,4674.97,21.8059,27.035,32.492,Moderate congestion with 164 vehicles and speed 78.9 km/h. Green duration set to 48s. Peak-hour (Morning Rush) increases traffic demand.,Monitor closely; adjust green duration to 48s if needed.
CAM_010,siang_cctv_001_20260518_163906.mp4,5/18/2026,15:49:02,Daytime,-6.191542,106.753315,Rain,29.9,275,92,5520,54.74,51.31,7,63.9,High,3571.9,1661.15,4752.91,21.8059,27.035,32.492,High traffic density with 7 queued vehicles and speed 54.7 km/h. Green duration adjusted to 64s. Rain may reduce road friction and visibility.,Increase signal optimization; set green duration to 64s. Focus on bottleneck queue reduction.
CAM_010,siang_cctv_002_20260614_163126.mp4,6/14/2026,16:31:26,Evening Rush,-6.219451,106.657065,Rain,29.6,215,215,12900,34.16,51.22,1,59.0,Medium,5294.05,1719.54,4577.73,21.8059,27.035,32.492,Traffic is dense but still maintaining partial flow stability. Green duration set to 59s. Peak-hour (Evening Rush) increases traffic demand. Rain may reduce road friction and visibility.,Monitor closely; adjust green duration to 59s if needed.
CAM_003,siang_cctv_003_20260518_165921.mp4,5/18/2026,16:17:21,Evening Rush,-6.2225065,106.6394746,Clear,29.7,19,7,420,6.61,26.47,10,70.6,Severe,970.56,1474.76,3790.76,21.8059,27.035,32.492,Severe congestion detected with 10 queued vehicles. Speed dropped to 6.6 km/h indicating traffic breakdown. Green duration extended to 71s to help dissipate the queue. Peak-hour (Evening Rush) increases traffic demand.,Activate emergency traffic control and extend green phase to 71s. Clear queue buildup immediately.
CAM_005,siang_cctv_004_20260518_170659.mp4,5/18/2026,16:13:00,Evening Rush,-6.2142883,106.6820298,Clear,29.9,256,248,14880,29.31,52.24,1,60.3,High,4965.44,1714.93,4722.17,21.8059,27.035,32.492,High traffic density with 1 queued vehicles and speed 29.3 km/h. Green duration adjusted to 60s. Peak-hour (Evening Rush) increases traffic demand.,Increase signal optimization; set green duration to 60s.
CAM_011,siang_cctv_005_20260518_171425.mp4,5/18/2026,16:24:23,Evening Rush,-6.191635,106.730124,Clear,29.9,362,139,8340,22.84,57.54,109,90.0,Severe,4073.9,1784.67,4665.11,21.8059,27.035,32.492,Severe congestion detected with 109 queued vehicles. Speed dropped to 22.8 km/h indicating traffic breakdown. Green duration extended to 90s to help dissipate the queue. Peak-hour (Evening Rush) increases traffic demand.,Activate emergency traffic control and extend green phase to 90s. Clear queue buildup immediately.
CAM_003,siang_cctv_006_20260614_170915.mp4,6/14/2026,17:09:15,Evening Rush,-6.191535,106.753361,Rain,28.7,249,171,10260,38.76,52.27,8,68.9,High,5172.76,1765.07,4565.29,21.8059,27.035,32.492,High traffic density with 8 queued vehicles and speed 38.8 km/h. Green duration adjusted to 69s. Peak-hour (Evening Rush) increases traffic demand. Rain may reduce road friction and visibility.,Increase signal optimization; set green duration to 69s. Focus on bottleneck queue reduction.
CAM_011,siang_cctv_007_20260518_160452.mp4,5/18/2026,15:08:58,Daytime,-6.191635,106.730124,Cloudy,30.5,352,117,7020,57.98,50.8,2,55.6,Medium,4723.02,1949.57,4657.33,21.8059,27.035,32.492,Moderate congestion with 352 vehicles and speed 58.0 km/h. Green duration set to 56s.,Monitor closely; adjust green duration to 56s if needed.
CAM_011,siang_cctv_008_20260518_151934.mp4,5/18/2026,14:23:40,Daytime,-6.191635,106.730124,Rain,31.3,16,129,7740,71.71,14.1,0,38.9,Low,5072.38,1633.66,4553.98,21.8059,27.035,32.492,Traffic is stable with low density (14.1%) and speed 71.7 km/h. Keep default green duration (39s). Rain may reduce road friction and visibility.,Maintain normal operations with default green duration (39s).
CAM_004,siang_cctv_009_20260614_170730.mp4,6/14/2026,17:07:30,Evening Rush,-6.191635,106.730124,Rain,29.2,256,155,9300,65.44,50.91,1,52.7,Medium,5385.18,1807.35,4415.88,21.8059,27.035,32.492,Moderate congestion with 256 vehicles and speed 65.4 km/h. Green duration set to 53s. Peak-hour (Evening Rush) increases traffic demand. Rain may reduce road friction and visibility.,Monitor closely; adjust green duration to 53s if needed.
CAM_012,siang_cctv_010_20260614_171050.mp4,6/14/2026,17:10:50,Evening Rush,-6.234053,106.568393,Rain,29.9,342,114,6840,70.12,51.46,8,62.4,High,4064.4,1739.05,4540.67,21.8059,27.035,32.492,High traffic density with 8 queued vehicles and speed 70.1 km/h. Green duration adjusted to 62s. Peak-hour (Evening Rush) increases traffic demand. Rain may reduce road friction and visibility.,Increase signal optimization; set green duration to 62s. Focus on bottleneck queue reduction.
CAM_005,siang_cctv_011_20260614_171352.mp4,6/14/2026,17:13:52,Evening Rush,-6.2225065,106.639475,Rain,29.6,2,3,180,2.46,2.11,0,49.1,High,1180.29,1591.7,4011.57,21.8059,27.035,32.492,High traffic density with 0 queued vehicles and speed 2.5 km/h. Green duration adjusted to 49s. Peak-hour (Evening Rush) increases traffic demand. Rain may reduce road friction and visibility.,Increase signal optimization; set green duration to 49s.
CAM_007,siang_cctv_012_20260614_165224.mp4,6/14/2026,16:52:24,Evening Rush,-6.2024517,106.705216,Rain,29.2,15,100,6000,34.27,14.48,1,48.0,Low,4883.8,1692.94,4432.07,21.8059,27.035,32.492,Traffic is stable with low density (14.5%) and speed 34.3 km/h. Keep default green duration (48s). Peak-hour (Evening Rush) increases traffic demand. Rain may reduce road friction and visibility.,Maintain normal operations with default green duration (48s).
CAM_008,siang_cctv_013_20260614_171437.mp4,6/14/2026,17:14:37,Evening Rush,-6.2142883,106.68203,Rain,29.2,922,307,18420,46.62,51.97,1,56.8,Medium,5098.77,1728.51,4196.71,21.8059,27.035,32.492,Traffic is dense but still maintaining partial flow stability. Green duration set to 57s. Peak-hour (Evening Rush) increases traffic demand. Rain may reduce road friction and visibility.,Monitor closely; adjust green duration to 57s if needed.
CAM_001,siang_cctv_016_20260614_171739.mp4,6/14/2026,17:17:39,Evening Rush,-6.1911513,106.744189,Rain,28.6,1,55,3300,75.3,0.85,0,34.2,Low,3235.97,1909.72,4171.38,21.8059,27.035,32.492,Traffic is stable with low density (0.8%) and speed 75.3 km/h. Keep default green duration (34s). Peak-hour (Evening Rush) increases traffic demand. Rain may reduce road friction and visibility.,Maintain normal operations with default green duration (34s).
CAM_009,siang_cctv_017_20260614_171746.mp4,6/14/2026,17:17:46,Evening Rush,-6.226591,106.616335,Rain,29.6,259,209,12540,36.96,50.84,1,58.4,Medium,5385.9,1718.32,4498.91,21.8059,27.035,32.492,Traffic is dense but still maintaining partial flow stability. Green duration set to 58s. Peak-hour (Evening Rush) increases traffic demand. Rain may reduce road friction and visibility.,Monitor closely; adjust green duration to 58s if needed.
CAM_011,siang_cctv_018_20260614_171903.mp4,6/14/2026,17:19:03,Evening Rush,-6.223507,106.623837,Rain,29.6,25,44,2640,30.52,22.83,2,52.7,Medium,3022.37,1375.15,5000.9,21.8059,27.035,32.492,Moderate congestion with 25 vehicles and speed 30.5 km/h. Green duration set to 53s. Peak-hour (Evening Rush) increases traffic demand. Rain may reduce road friction and visibility.,Monitor closely; adjust green duration to 53s if needed.
CAM_002,siang_cctv_019_20260614_172002.mp4,6/14/2026,17:20:02,Evening Rush,-6.2131428,106.683766,Rain,29.2,80,83,4980,21.15,56.98,24,90.0,Severe,3075.72,1732.93,5026.48,21.8059,27.035,32.492,Severe congestion detected with 24 queued vehicles. Speed dropped to 21.1 km/h indicating traffic breakdown. Green duration extended to 90s to help dissipate the queue. Peak-hour (Evening Rush) increases traffic demand. Rain may reduce road friction and visibility.,Activate emergency traffic control and extend green phase to 90s. Clear queue buildup immediately.
CAM_003,siang_cctv_020_20260614_165923.mp4,6/14/2026,16:59:23,Evening Rush,-6.191535,106.753361,Rain,28.7,57,200,12000,41.53,49.92,2,58.7,Medium,5400.84,1716.96,4408.25,21.8059,27.035,32.492,Traffic is dense but still maintaining partial flow stability. Green duration set to 59s. Peak-hour (Evening Rush) increases traffic demand. Rain may reduce road friction and visibility.,Monitor closely; adjust green duration to 59s if needed.
CAM_003,siang_cctv_021_20260614_163509.mp4,6/14/2026,16:35:09,Evening Rush,-6.191535,106.753361,Rain,28.7,461,154,9240,64.29,51.29,4,57.5,High,5268.15,1860.36,4394.98,21.8059,27.035,32.492,High traffic density with 4 queued vehicles and speed 64.3 km/h. Green duration adjusted to 58s. Peak-hour (Evening Rush) increases traffic demand. Rain may reduce road friction and visibility.,Increase signal optimization; set green duration to 58s.
CAM_011,siang_cctv_022_20260614_163451.mp4,6/14/2026,16:34:51,Evening Rush,-6.223507,106.623837,Rain,29.6,3,60,3600,32.67,2.55,0,43.2,Low,3836.76,1522.83,4843.06,21.8059,27.035,32.492,Traffic is stable with low density (2.5%) and speed 32.7 km/h. Keep default green duration (43s). Peak-hour (Evening Rush) increases traffic demand. Rain may reduce road friction and visibility.,Maintain normal operations with default green duration (43s).
CAM_007,siang_cctv_023_20260614_163809.mp4,6/14/2026,16:38:09,Evening Rush,-6.2024517,106.705216,Rain,29.2,172,134,8040,31.84,52.11,7,68.8,High,4644.98,1739.27,4600.92,21.8059,27.035,32.492,High traffic density with 7 queued vehicles and speed 31.8 km/h. Green duration adjusted to 69s. Peak-hour (Evening Rush) increases traffic demand. Rain may reduce road friction and visibility.,Increase signal optimization; set green duration to 69s. Focus on bottleneck queue reduction.
CAM_001,siang_cctv_024_20260614_165240.mp4,6/14/2026,16:52:40,Evening Rush,-6.1911513,106.744189,Rain,28.6,126,42,2520,31.31,51.55,9,71.7,Severe,2864.7,1349.06,4984.08,21.8059,27.035,32.492,Severe congestion detected with 9 queued vehicles. Speed dropped to 31.3 km/h indicating traffic breakdown. Green duration extended to 72s to help dissipate the queue. Peak-hour (Evening Rush) increases traffic demand. Rain may reduce road friction and visibility.,Activate emergency traffic control and extend green phase to 72s. Clear queue buildup immediately.
CAM_005,siang_cctv_025_20260614_163232.mp4,6/14/2026,16:32:32,Evening Rush,-6.2225065,106.639475,Rain,29.6,35,15,900,7.13,39.68,18,86.5,Severe,1028.93,1509.47,3956.68,21.8059,27.035,32.492,Severe congestion detected with 18 queued vehicles. Speed dropped to 7.1 km/h indicating traffic breakdown. Green duration extended to 86s to help dissipate the queue. Peak-hour (Evening Rush) increases traffic demand. Rain may reduce road friction and visibility.,Activate emergency traffic control and extend green phase to 86s. Clear queue buildup immediately.
CAM_009,siang_cctv_026_20260614_163931.mp4,6/14/2026,16:39:31,Evening Rush,-6.226591,106.616335,Rain,29.6,336,208,12480,32.27,51.21,2,60.9,High,5303.41,1709.68,4611.66,21.8059,27.035,32.492,High traffic density with 2 queued vehicles and speed 32.3 km/h. Green duration adjusted to 61s. Peak-hour (Evening Rush) increases traffic demand. Rain may reduce road friction and visibility.,Increase signal optimization; set green duration to 61s.
CAM_004,siang_cctv_027_20260614_165147.mp4,6/14/2026,16:51:47,Evening Rush,-6.191635,106.730124,Rain,29.2,39,105,6300,79.08,33.16,0,43.1,Low,5142.92,1570.62,4475.38,21.8059,27.035,32.492,Traffic is stable with low density (33.2%) and speed 79.1 km/h. Keep default green duration (43s). Peak-hour (Evening Rush) increases traffic demand. Rain may reduce road friction and visibility.,Maintain normal operations with default green duration (43s).
CAM_011,siang_cctv_028_20260614_165607.mp4,6/14/2026,16:56:07,Evening Rush,-6.223507,106.623837,Rain,29.6,157,56,3360,29.79,51.41,8,70.5,Severe,3105.83,1683.55,4899.1,21.8059,27.035,32.492,Severe congestion detected with 8 queued vehicles. Speed dropped to 29.8 km/h indicating traffic breakdown. Green duration extended to 70s to help dissipate the queue. Peak-hour (Evening Rush) increases traffic demand. Rain may reduce road friction and visibility.,Activate emergency traffic control and extend green phase to 70s. Clear queue buildup immediately.
CAM_012,siang_cctv_029_20260614_164109.mp4,6/14/2026,16:41:09,Evening Rush,-6.234053,106.568393,Rain,29.9,42,122,7320,77.64,36.4,1,45.9,Low,5365.86,1588.75,4425.0,21.8059,27.035,32.492,Traffic is stable with low density (36.4%) and speed 77.6 km/h. Keep default green duration (46s). Peak-hour (Evening Rush) increases traffic demand. Rain may reduce road friction and visibility.,Maintain normal operations with default green duration (46s).
CAM_008,siang_cctv_030_20260614_165104.mp4,6/14/2026,16:51:04,Evening Rush,-6.2142883,106.68203,Rain,29.2,188,273,16380,44.33,51.76,0,55.7,Medium,5017.66,1722.74,4338.8,21.8059,27.035,32.492,Traffic is dense but still maintaining partial flow stability. Green duration set to 56s. Peak-hour (Evening Rush) increases traffic demand. Rain may reduce road friction and visibility.,Monitor closely; adjust green duration to 56s if needed.
CAM_009,siang_cctv_031_20260614_165904.mp4,6/14/2026,16:59:04,Evening Rush,-6.226591,106.616335,Rain,29.6,48,199,11940,40.45,40.55,0,53.1,Medium,5454.65,1713.88,4379.06,21.8059,27.035,32.492,Traffic is dense but still maintaining partial flow stability. Green duration set to 53s. Peak-hour (Evening Rush) increases traffic demand. Rain may reduce road friction and visibility.,Monitor closely; adjust green duration to 53s if needed.
CAM_010,siang_cctv_032_20260614_165940.mp4,6/14/2026,16:59:40,Evening Rush,-6.219451,106.657065,Rain,29.6,110,266,15960,34.57,51.56,1,59.1,Medium,5358.18,1722.56,4459.61,21.8059,27.035,32.492,Traffic is dense but still maintaining partial flow stability. Green duration set to 59s. Peak-hour (Evening Rush) increases traffic demand. Rain may reduce road friction and visibility.,Monitor closely; adjust green duration to 59s if needed.
CAM_005,siang_cctv_033_20260614_164919.mp4,6/14/2026,16:49:19,Evening Rush,-6.2225065,106.639475,Rain,29.6,15,9,540,6.96,15.31,2,55.2,Severe,1167.69,1407.65,4140.57,21.8059,27.035,32.492,Severe congestion detected with 2 queued vehicles. Speed dropped to 7.0 km/h indicating traffic breakdown. Green duration extended to 55s to help dissipate the queue. Peak-hour (Evening Rush) increases traffic demand. Rain may reduce road friction and visibility.,Activate emergency traffic control and extend green phase to 55s.
CAM_002,siang_cctv_034_20260614_165211.mp4,6/14/2026,16:52:11,Evening Rush,-6.2131428,106.683766,Rain,29.2,13,61,3660,28.07,13.0,1,48.8,Low,3749.75,1557.6,4903.76,21.8059,27.035,32.492,Traffic is stable with low density (13.0%) and speed 28.1 km/h. Keep default green duration (49s). Peak-hour (Evening Rush) increases traffic demand. Rain may reduce road friction and visibility.,Maintain normal operations with default green duration (49s).
CAM_001,siang_cctv_035_20260614_163500.mp4,6/14/2026,16:35:00,Evening Rush,-6.1911513,106.744189,Rain,28.6,11,124,7440,31.95,9.28,0,45.4,Low,5258.64,1603.92,4259.55,21.8059,27.035,32.492,Traffic is stable with low density (9.3%) and speed 31.9 km/h. Keep default green duration (45s). Peak-hour (Evening Rush) increases traffic demand. Rain may reduce road friction and visibility.,Maintain normal operations with default green duration (45s).
CAM_001,malam_cctv_001_20260518_003725.mp4,5/18/2026,23:43:00 PM,Late Night,-6.1911513,106.7441887,Cloudy,26.5,3,2,120,9.22,9.17,1,51.4,Severe,1053.15,1673.37,4007.56,21.8059,27.035,32.492,Severe congestion detected with 1 queued vehicles. Speed dropped to 9.2 km/h indicating traffic breakdown. Green duration extended to 51s to help dissipate the queue.,Activate emergency traffic control and extend green phase to 51s.
CAM_009,malam_cctv_002_20260612_233917.mp4,6/12/2026,23:39:17,Late Night,-6.226591,106.616335,Clear,26.9,14,12,720,11.41,14.94,2,54.2,High,1276.72,1460.98,4089.73,21.8059,27.035,32.492,High traffic density with 2 queued vehicles and speed 11.4 km/h. Green duration adjusted to 54s.,Increase signal optimization; set green duration to 54s.
CAM_004,malam_cctv_003_20260518_004022.mp4,5/18/2026,23:44:47 PM,Late Night,-6.2024517,106.7052155,Cloudy,25.9,0,0,0,80.0,0.0,0,33.0,Low,207.78,165.62,247.78,21.8059,27.035,32.492,Traffic is stable with low density (0.0%) and speed 80.0 km/h. Keep default green duration (33s).,Maintain normal operations with default green duration (33s).
CAM_005,malam_cctv_004_20260613_224239.mp4,6/13/2026,22:42:39,Night,-6.2225065,106.639475,Cloudy,26.9,1,7,420,2.52,0.86,0,48.8,High,1257.96,1728.29,4083.98,21.8059,27.035,32.492,High traffic density with 0 queued vehicles and speed 2.5 km/h. Green duration adjusted to 49s.,Increase signal optimization; set green duration to 49s.
CAM_005,malam_cctv_005_20260518_004357.mp4,5/18/2026,23:44:00 PM,Late Night,-6.2142883,106.6820298,Cloudy,25.9,33,56,3360,20.29,34.58,10,70.3,High,3012.93,1682.11,4971.71,21.8059,27.035,32.492,High traffic density with 10 queued vehicles and speed 20.3 km/h. Green duration adjusted to 70s.,Increase signal optimization; set green duration to 70s. Focus on bottleneck queue reduction.
CAM_002,malam_cctv_006_20260613_202709.mp4,6/13/2026,20:27:09,Night,-6.2131428,106.683766,Cloudy,28.5,2,4,240,3.72,2.29,0,48.9,High,1148.88,1686.07,3983.85,21.8059,27.035,32.492,High traffic density with 0 queued vehicles and speed 3.7 km/h. Green duration adjusted to 49s.,Increase signal optimization; set green duration to 49s.
CAM_007,malam_cctv_007_20260518_033146.mp4,5/18/2026,2:32:30,Late Night,-6.2194495,106.6572624,Cloudy,24.5,13,16,960,17.62,14.11,2,52.7,Medium,1281.98,1467.0,4257.81,21.8059,27.035,32.492,Moderate congestion with 13 vehicles and speed 17.6 km/h. Green duration set to 53s.,Monitor closely; adjust green duration to 53s if needed. Consider pre-emptive signal adjustment.
CAM_011,malam_cctv_008_20260518_004504.mp4,5/18/2026,23:49:10 PM,Late Night,-6.191635,106.730124,Cloudy,25.9,0,0,0,80.0,0.0,0,33.0,Low,207.78,165.62,247.78,21.8059,27.035,32.492,Traffic is stable with low density (0.0%) and speed 80.0 km/h. Keep default green duration (33s).,Maintain normal operations with default green duration (33s).
CAM_003,malam_cctv_009_20260518_004524.mp4,5/18/2026,23:58:54 PM,Late Night,-6.2225065,106.6394746,Cloudy,25.5,0,0,0,80.0,0.0,0,33.0,Low,206.86,164.48,247.58,21.8059,27.035,32.492,Traffic is stable with low density (0.0%) and speed 80.0 km/h. Keep default green duration (33s).,Maintain normal operations with default green duration (33s).
CAM_011,malam_cctv_010_20260613_202740.mp4,6/13/2026,20:27:40,Night,-6.223507,106.623837,Cloudy,28.5,2,7,420,6.79,1.77,0,48.2,High,1220.02,1679.49,4046.68,21.8059,27.035,32.492,High traffic density with 0 queued vehicles and speed 6.8 km/h. Green duration adjusted to 48s.,Increase signal optimization; set green duration to 48s.
CAM_008,malam_cctv_011_20260613_224301.mp4,6/13/2026,22:43:01,Night,-6.2142883,106.68203,Cloudy,27.2,150,81,4860,22.92,57.03,45,90.0,Severe,2948.41,1692.3,4859.91,21.8059,27.035,32.492,Severe congestion detected with 45 queued vehicles. Speed dropped to 22.9 km/h indicating traffic breakdown. Green duration extended to 90s to help dissipate the queue.,Activate emergency traffic control and extend green phase to 90s. Clear queue buildup immediately.
CAM_001,malam_cctv_012_20260613_002431.mp4,6/13/2026,0:24:31,Late Night,-6.1911513,106.744189,Rain,26.8,0,0,0,80.0,0.0,0,33.0,Low,222.83,183.08,235.26,21.8059,27.035,32.492,Traffic is stable with low density (0.0%) and speed 80.0 km/h. Keep default green duration (33s). Rain may reduce road friction and visibility.,Maintain normal operations with default green duration (33s).
CAM_012,malam_cctv_013_20260613_224644.mp4,6/13/2026,22:46:44,Night,-6.234053,106.568393,Cloudy,26.9,5,6,360,9.01,8.59,1,51.3,Severe,1127.49,1668.12,4061.31,21.8059,27.035,32.492,Severe congestion detected with 1 queued vehicles. Speed dropped to 9.0 km/h indicating traffic breakdown. Green duration extended to 51s to help dissipate the queue.,Activate emergency traffic control and extend green phase to 51s.
CAM_011,malam_cctv_014_20260518_033116.mp4,5/18/2026,2:35:23,Late Night,-6.191635,106.730124,Cloudy,24.9,0,0,0,80.0,0.0,0,33.0,Low,205.56,162.83,247.28,21.8059,27.035,32.492,Traffic is stable with low density (0.0%) and speed 80.0 km/h. Keep default green duration (33s).,Maintain normal operations with default green duration (33s).
CAM_002,malam_cctv_015_20260613_224732.mp4,6/13/2026,22:47:32,Night,-6.2131428,106.683766,Cloudy,27.2,4,1,60,4.05,8.35,1,52.2,High,970.56,1672.34,3950.89,21.8059,27.035,32.492,High traffic density with 1 queued vehicles and speed 4.0 km/h. Green duration adjusted to 52s.,Increase signal optimization; set green duration to 52s.
CAM_005,malam_cctv_016_20260518_033544.mp4,5/18/2026,2:36:00,Late Night,-6.2142883,106.6820298,Cloudy,24.9,21,7,420,9.72,27.46,10,70.3,Severe,1005.43,1459.64,3838.5,21.8059,27.035,32.492,Severe congestion detected with 10 queued vehicles. Speed dropped to 9.7 km/h indicating traffic breakdown. Green duration extended to 70s to help dissipate the queue.,Activate emergency traffic control and extend green phase to 70s. Clear queue buildup immediately.
CAM_003,malam_cctv_017_20260613_225035.mp4,6/13/2026,22:50:35,Night,-6.191535,106.753361,Cloudy,27.8,1,0,0,3.77,1.23,0,48.6,High,1121.99,1708.91,3884.32,21.8059,27.035,32.492,High traffic density with 0 queued vehicles and speed 3.8 km/h. Green duration adjusted to 49s.,Increase signal optimization; set green duration to 49s.
CAM_010,malam_cctv_018_20260613_225338.mp4,6/13/2026,22:53:38,Night,-6.219451,106.657065,Cloudy,26.9,34,43,2580,23.32,34.53,10,69.7,High,2510.51,1563.92,4847.19,21.8059,27.035,32.492,High traffic density with 10 queued vehicles and speed 23.3 km/h. Green duration adjusted to 70s.,Increase signal optimization; set green duration to 70s. Focus on bottleneck queue reduction.
CAM_011,malam_cctv_019_20260613_225426.mp4,6/13/2026,22:54:26,Night,-6.223507,106.623837,Cloudy,26.9,1,18,1080,6.71,1.07,0,48.0,High,1472.36,1697.74,4302.47,21.8059,27.035,32.492,High traffic density with 0 queued vehicles and speed 6.7 km/h. Green duration adjusted to 48s.,Increase signal optimization; set green duration to 48s.
CAM_010,malam_cctv_020_20260612_234058.mp4,6/12/2026,23:40:58,Late Night,-6.219451,106.657065,Clear,26.9,3,15,900,7.97,9.33,1,51.7,Severe,1514.7,1535.77,4111.1,21.8059,27.035,32.492,Severe congestion detected with 1 queued vehicles. Speed dropped to 8.0 km/h indicating traffic breakdown. Green duration extended to 52s to help dissipate the queue.,Activate emergency traffic control and extend green phase to 52s.
CAM_004,malam_cctv_0221_20260613_002132.mp4,6/13/2026,0:21:32,Late Night,-6.191635,106.730124,Cloudy,25.7,0,0,0,80.0,0.0,0,33.0,Low,207.31,165.04,247.68,21.8059,27.035,32.492,Traffic is stable with low density (0.0%) and speed 80.0 km/h. Keep default green duration (33s).,Maintain normal operations with default green duration (33s).
CAM_012,malam_cctv_022_20260613_202805.mp4,6/13/2026,20:28:05,Night,-6.234053,106.568393,Cloudy,28.6,2,7,420,8.57,2.09,0,47.9,High,1229.41,1676.19,4044.95,21.8059,27.035,32.492,High traffic density with 0 queued vehicles and speed 8.6 km/h. Green duration adjusted to 48s.,Increase signal optimization; set green duration to 48s.
CAM_007,malam_cctv_023_20260613_224005.mp4,6/13/2026,22:40:05,Night,-6.2024517,106.705216,Cloudy,27.2,0,0,0,80.0,0.0,0,33.0,Low,211.12,169.47,248.4,21.8059,27.035,32.492,Traffic is stable with low density (0.0%) and speed 80.0 km/h. Keep default green duration (33s).,Maintain normal operations with default green duration (33s).
CAM_012,malam_cctv_024_20260612_234033.mp4,6/12/2026,23:40:33,Late Night,-6.234053,106.568393,Clear,26.2,1,4,240,7.33,1.2,0,47.9,High,1102.77,1703.75,3965.82,21.8059,27.035,32.492,High traffic density with 0 queued vehicles and speed 7.3 km/h. Green duration adjusted to 48s.,Increase signal optimization; set green duration to 48s.
CAM_001,malam_cctv_025_20260612_234118.mp4,6/12/2026,23:41:18,Late Night,-6.1911513,106.744189,Clear,28.0,2,1,60,8.73,1.67,0,47.8,High,1022.35,1704.08,3892.51,21.8059,27.035,32.492,High traffic density with 0 queued vehicles and speed 8.7 km/h. Green duration adjusted to 48s.,Increase signal optimization; set green duration to 48s.
CAM_004,malam_cctv_026_20260613_224453.mp4,6/13/2026,22:44:53,Night,-6.191635,106.730124,Cloudy,27.2,1,1,60,80.0,0.83,0,33.2,Low,217.93,168.4,245.14,21.8059,27.035,32.492,Traffic is stable with low density (0.8%) and speed 80.0 km/h. Keep default green duration (33s).,Maintain normal operations with default green duration (33s).
CAM_005,malam_cctv_027_20260612_234423.mp4,6/12/2026,23:44:23,Late Night,-6.2225065,106.639475,Clear,26.9,1,1,60,26.15,0.83,0,44.0,Low,844.23,1359.24,3957.59,21.8059,27.035,32.492,Traffic is stable with low density (0.8%) and speed 26.1 km/h. Keep default green duration (44s).,Maintain normal operations with default green duration (44s).
CAM_002,malam_cctv_028_20260613_001645.mp4,6/13/2026,0:16:45,Late Night,-6.2131428,106.683766,Cloudy,25.7,5,6,360,3.75,8.39,1,52.3,High,1155.79,1671.78,4082.7,21.8059,27.035,32.492,High traffic density with 1 queued vehicles and speed 3.8 km/h. Green duration adjusted to 52s.,Increase signal optimization; set green duration to 52s.
CAM_003,malam_cctv_029_20260613_202829.mp4,6/13/2026,20:28:29,Night,-6.191535,106.753361,Cloudy,28.9,2,1,60,3.91,2.07,0,48.8,High,1082.16,1659.44,3890.55,21.8059,27.035,32.492,High traffic density with 0 queued vehicles and speed 3.9 km/h. Green duration adjusted to 49s.,Increase signal optimization; set green duration to 49s.
CAM_002,malam_cctv_030_20260612_234529.mp4,6/12/2026,23:45:29,Late Night,-6.2131428,106.683766,Clear,27.5,14,5,300,3.77,16.16,3,57.6,Severe,949.28,1465.8,3946.88,21.8059,27.035,32.492,Severe congestion detected with 3 queued vehicles. Speed dropped to 3.8 km/h indicating traffic breakdown. Green duration extended to 58s to help dissipate the queue.,Activate emergency traffic control and extend green phase to 58s. Deploy rapid incident response team.
CAM_010,malam_cctv_031_20260613_001733.mp4,6/13/2026,0:17:33,Late Night,-6.219451,106.657065,Cloudy,25.1,48,18,1080,21.45,45.94,14,79.5,Severe,1102.56,1315.85,3785.53,21.8059,27.035,32.492,Severe congestion detected with 14 queued vehicles. Speed dropped to 21.4 km/h indicating traffic breakdown. Green duration extended to 80s to help dissipate the queue.,Activate emergency traffic control and extend green phase to 80s. Clear queue buildup immediately.
CAM_001,malam_cctv_032_20260613_203129.mp4,6/13/2026,20:31:29,Night,-6.1911513,106.744189,Cloudy,28.9,21,7,420,23.77,23.27,6,60.2,High,729.75,1331.83,3860.77,21.8059,27.035,32.492,High traffic density with 6 queued vehicles and speed 23.8 km/h. Green duration adjusted to 60s.,Increase signal optimization; set green duration to 60s. Focus on bottleneck queue reduction.
CAM_004,malam_cctv_033_20260612_234049.mp4,6/12/2026,23:40:49,Late Night,-6.191635,106.730124,Clear,27.5,0,0,0,80.0,0.0,0,33.0,Low,226.57,180.07,249.29,21.8059,27.035,32.492,Traffic is stable with low density (0.0%) and speed 80.0 km/h. Keep default green duration (33s).,Maintain normal operations with default green duration (33s).
CAM_007,malam_cctv_034_20260612_234828.mp4,6/12/2026,23:48:28,Late Night,-6.2024517,106.705216,Clear,27.5,7,3,180,7.73,8.7,1,51.6,Severe,951.9,1627.86,3974.53,21.8059,27.035,32.492,Severe congestion detected with 1 queued vehicles. Speed dropped to 7.7 km/h indicating traffic breakdown. Green duration extended to 52s to help dissipate the queue.,Activate emergency traffic control and extend green phase to 52s.
CAM_009,malam_cctv_035_20260613_203432.mp4,6/13/2026,20:34:32,Night,-6.226591,106.616335,Cloudy,28.0,29,17,1020,13.69,34.28,14,77.5,Severe,1020.87,1469.47,3965.38,21.8059,27.035,32.492,Severe congestion detected with 14 queued vehicles. Speed dropped to 13.7 km/h indicating traffic breakdown. Green duration extended to 78s to help dissipate the queue.,Activate emergency traffic control and extend green phase to 78s. Clear queue buildup immediately.
CAM_008,malam_cctv_036_20260613_002013.mp4,6/13/2026,0:20:13,Late Night,-6.2142883,106.68203,Cloudy,25.7,80,65,3900,17.24,56.93,24,90.0,Severe,2836.34,1662.72,4757.51,21.8059,27.035,32.492,Severe congestion detected with 24 queued vehicles. Speed dropped to 17.2 km/h indicating traffic breakdown. Green duration extended to 90s to help dissipate the queue.,Activate emergency traffic control and extend green phase to 90s. Clear queue buildup immediately.
CAM_003,malam_cctv_037_20260612_235125.mp4,6/12/2026,23:51:25,Late Night,-6.191535,106.753361,Clear,28.5,2,2,120,3.83,2.03,0,48.8,High,1010.42,1694.28,3913.91,21.8059,27.035,32.492,High traffic density with 0 queued vehicles and speed 3.8 km/h. Green duration adjusted to 49s.,Increase signal optimization; set green duration to 49s.
CAM_010,malam_cctv_038_20260613_202601.mp4,6/13/2026,20:26:01,Night,-6.219451,106.657065,Cloudy,28.5,38,37,2220,27.68,33.42,3,58.0,Medium,2416.37,1474.99,4630.02,21.8059,27.035,32.492,Moderate congestion with 38 vehicles and speed 27.7 km/h. Green duration set to 58s.,Monitor closely; adjust green duration to 58s if needed. Consider pre-emptive signal adjustment.
CAM_008,malam_cctv_039_20260613_203737.mp4,6/13/2026,20:37:37,Night,-6.2142883,106.68203,Cloudy,28.1,36,95,5700,20.55,37.13,11,72.5,Severe,3719.79,1650.01,4834.97,21.8059,27.035,32.492,Severe congestion detected with 11 queued vehicles. Speed dropped to 20.6 km/h indicating traffic breakdown. Green duration extended to 72s to help dissipate the queue.,Activate emergency traffic control and extend green phase to 72s. Clear queue buildup immediately.
